OrderID,ProductID,Quantity,Order Date
1,101,1,01-01-2024
2,102,2,01-02-2024
3,103,3,01-03-2024
4,104,4,01-04-2024
5,105,5,01-05-2024
6,106,6,01-06-2024
7,107,7,01-07-2024
8,108,8,01-08-2024
9,109,9,01-09-2024
10,110,10,01-10-2024
11,111,1,01-11-2024
12,112,2,01-12-2024
13,113,3,01-13-2024
14,114,4,01-14-2024
15,115,5,01-15-2024
16,116,6,01-16-2024
17,117,7,01-17-2024
18,118,8,01-18-2024
19,119,9,01-19-2024
20,120,10,01-20-2024
21,121,1,01-21-2024
22,122,2,01-22-2024
23,123,3,01-23-2024
24,124,4,01-24-2024
25,125,5,01-25-2024
26,126,6,01-26-2024
27,127,7,01-27-2024
28,128,8,01-28-2024
29,129,9,01-29-2024
30,130,10,01-30-2024
31,131,1,01-31-2024
32,132,2,02-01-2024
33,133,3,02-02-2024
34,134,4,02-03-2024
35,135,5,02-04-2024
36,136,6,02-05-2024
37,137,7,02-06-2024
38,138,8,02-07-2024
39,139,9,02-08-2024
40,140,10,02-09-2024
41,141,1,02-10-2024
42,142,2,02-11-2024
43,143,3,02-12-2024
44,144,4,02-13-2024
45,145,5,02-14-2024
46,146,6,02-15-2024
47,147,7,02-16-2024
48,148,8,02-17-2024
49,149,9,02-18-2024
50,150,10,02-19-2024
